,日期,时间,图片,天气,温度℃,湿度,风力,风级,降水量mm,体感温度℃,云量
0,2019-01-01,白天,,局部多云,0,19%,清风,5,0,-6,5%
1,2019-01-01,夜间,,局部多云,-6,28%,清风,5,0,-8,5%
2,2019-01-02,白天,,局部多云,1,24%,和风,4,0,-4,24%
3,2019-01-02,夜间,,阴天,-3,35%,微风,3,0,-5,54%
4,2019-01-03,白天,,局部多云,3,29%,和风,4,0,-1,11%
5,2019-01-03,夜间,,局部多云,-4,33%,和风,4,0,-5,33%
6,2019-01-04,白天,,局部多云,2,20%,清风,5,0,-3,8%
7,2019-01-04,夜间,,局部多云,-5,15%,和风,4,0,-6,6%
8,2019-01-05,白天,,阴天,0,13%,和风,4,0,-4,70%
9,2019-01-05,夜间,,阴天,-2,32%,轻风,2,0,-3,46%
10,2019-01-06,白天,,局部多云,3,20%,微风,3,0,-1,7%
11,2019-01-06,夜间,,多云,-4,18%,和风,4,0,-5,25%
12,2019-01-07,白天,,阴天,2,20%,清风,5,0,-3,61%
13,2019-01-07,夜间,,局部多云,-5,22%,劲风,7,0,-7,3%
14,2019-01-08,白天,,局部多云,0,18%,劲风,7,0,-5,1%
15,2019-01-08,夜间,,阴天,-5,18%,微风,3,0,-5,32%
16,2019-01-09,白天,,阴天,2,14%,清风,5,0,-4,28%
17,2019-01-09,夜间,,局部多云,-3,19%,清风,5,0,-6,5%
18,2019-01-10,白天,,局部多云,5,17%,清风,5,0,-1,5%
19,2019-01-10,夜间,,阴天,-1,23%,微风,3,0,-2,64%
20,2019-01-11,白天,,局部多云,7,22%,微风,3,0,3,10%
21,2019-01-11,夜间,,多云,-2,39%,和风,4,0,-1,6%
22,2019-01-12,白天,,多云,8,35%,清风,5,0,3,17%
23,2019-01-12,夜间,,晴朗,0,37%,清风,5,0,-1,-
24,2019-01-13,白天,,晴朗,7,20%,强风,6,0,2,-
25,2019-01-13,夜间,,阴天,-1,29%,轻风,2,0,1,51%
26,2019-01-14,白天,,局部多云,7,26%,清风,5,0,2,4%
27,2019-01-14,夜间,,局部多云,-6,20%,狂风,10,0,-8,7%
28,2019-01-15,白天,,阴天,-3,11%,大风,8,0,-10,10%
29,2019-01-15,夜间,,阴天,-6,10%,强风,6,0,-10,75%
30,2019-01-16,白天,,局部多云,2,8%,劲风,7,0,-5,3%
31,2019-01-16,夜间,,局部多云,-3,10%,清风,5,0,-6,4%
32,2019-01-17,白天,,局部多云,7,7%,和风,4,0,1,10%
33,2019-01-17,夜间,,阴天,-1,13%,和风,4,0,-3,42%
34,2019-01-18,白天,,多云,5,17%,微风,3,0,2,58%
35,2019-01-18,夜间,,多云,-1,18%,清风,5,0,-3,56%
36,2019-01-19,白天,,阴天,4,19%,和风,4,0,0,90%
37,2019-01-19,夜间,,阴天,-2,27%,强风,6,0,-5,31%
38,2019-01-20,白天,,晴朗,4,19%,劲风,7,0,-2,-
39,2019-01-20,夜间,,局部多云,-2,21%,强风,6,0,-4,3%
40,2019-01-21,白天,,局部多云,7,13%,强风,6,0,2,6%
41,2019-01-21,夜间,,晴朗,1,16%,清风,5,0,0,-
42,2019-01-22,白天,,局部多云,8,14%,强风,6,0,3,6%
43,2019-01-22,夜间,,局部多云,3,21%,清风,5,0,2,1%
44,2019-01-23,白天,,局部多云,8,35%,强风,6,0,3,-
45,2019-01-23,夜间,,多云,0,73%,强风,6,0,-1,12%
46,2019-01-24,白天,,阴天,7,56%,清风,5,0,2,69%
47,2019-01-24,夜间,,阴天,-1,35%,强风,6,0,-3,26%
48,2019-01-25,白天,,局部多云,4,17%,劲风,7,0,-1,2%
49,2019-01-25,夜间,,局部多云,-2,19%,清风,5,0,-2,3%
50,2019-01-26,白天,,局部多云,5,16%,和风,4,0,2,6%
51,2019-01-26,夜间,,阴天,-1,20%,强风,6,0,-2,32%
52,2019-01-27,白天,,阴天,7,18%,强风,6,0,1,37%
53,2019-01-27,夜间,,局部多云,0,13%,大风,8,0,-3,4%
54,2019-01-28,白天,,局部多云,7,12%,清风,5,0,3,12%
55,2019-01-28,夜间,,阴天,0,18%,清风,5,0,-1,49%
56,2019-01-29,白天,,局部多云,9,19%,清风,5,0,4,22%
57,2019-01-29,夜间,,局部多云,1,27%,和风,4,0,2,31%
58,2019-01-30,白天,,阴天,5,17%,大风,8,0,-1,75%
59,2019-01-30,夜间,,局部多云,-2,10%,强风,6,0,-5,23%
60,2019-01-31,白天,,阴天,1,7%,强风,6,0,-3,66%
61,2019-01-31,夜间,,局部多云,-5,21%,强风,6,0,-6,2%
0,2019-02-01,白天,,晴朗,8,19%,强风,6,0,1,-
1,2019-02-01,夜间,,多云,0,48%,清风,5,0,0,40%
2,2019-02-02,白天,,多云,10,52%,和风,4,0,6,23%
3,2019-02-02,夜间,,多云,1,52%,强风,6,0,0,59%
4,2019-02-03,白天,,多云,8,15%,烈风,9,0,3,34%
5,2019-02-03,夜间,,局部多云,0,42%,强风,6,0,-2,1%
6,2019-02-04,白天,,局部多云,9,29%,清风,5,0,3,7%
7,2019-02-04,夜间,,局部多云,-1,43%,强风,6,0,-1,6%
8,2019-02-05,白天,,局部多云,2,46%,大风,8,0,-4,5%
9,2019-02-05,夜间,,局部多云,-4,49%,劲风,7,0,-8,24%
10,2019-02-06,白天,,局部多云,1,23%,劲风,7,0,-6,6%
11,2019-02-06,夜间,,局部多云,-5,29%,清风,5,0,-8,25%
12,2019-02-07,白天,,局部多云,-2,14%,和风,4,0,-5,30%
13,2019-02-07,夜间,,阴天,-8,18%,和风,4,0,-7,45%
14,2019-02-08,白天,,阴天,0,23%,清风,5,0,-4,58%
15,2019-02-08,夜间,,局部多云,-4,41%,和风,4,0,-5,8%
16,2019-02-09,白天,,局部多云,2,19%,和风,4,0,-2,10%
17,2019-02-09,夜间,,局部多云,-3,25%,微风,3,0,-4,30%
18,2019-02-10,白天,,阴天,3,25%,和风,4,0,-1,34%
19,2019-02-10,夜间,,阴天,-3,39%,清风,5,0,-5,29%
20,2019-02-11,白天,,局部多云,4,32%,强风,6,0,-1,9%
21,2019-02-11,夜间,,局部多云,-4,43%,劲风,7,0,-7,17%
22,2019-02-12,白天,,阴天,0,48%,大风,8,0,-7,62%
23,2019-02-12,夜间,,局部多云,-5,67%,强风,6,0,-8,19%
24,2019-02-13,白天,,局部多云,1,41%,强风,6,0,-5,26%
25,2019-02-13,夜间,,阴天,-3,49%,清风,5,0,-6,62%
26,2019-02-14,白天,,大雪,-1,57%,强风,6,1.8,-6,100%
27,2019-02-14,夜间,,大雪,-8,69%,强风,6,2.4,-8,62%
28,2019-02-15,白天,,局部多云,1,25%,狂风,10,0,-6,1%
29,2019-02-15,夜间,,局部多云,-6,37%,大风,8,0,-10,-
30,2019-02-16,白天,,局部多云,1,24%,大风,8,0,-6,3%
31,2019-02-16,夜间,,局部多云,-4,31%,强风,6,0,-7,7%
32,2019-02-17,白天,,局部多云,5,19%,强风,6,0,-1,9%
33,2019-02-17,夜间,,阴天,-1,23%,和风,4,0,-2,67%
34,2019-02-18,白天,,阴天,8,24%,清风,5,0,3,80%
35,2019-02-18,夜间,,零星中雪,0,43%,清风,5,0.6,-1,86%
36,2019-02-19,白天,,零星中雪,9,43%,强风,6,0.2,4,25%
37,2019-02-19,夜间,,晴朗,1,41%,清风,5,0,1,-
38,2019-02-20,白天,,晴朗,11,17%,清风,5,0,7,-
39,2019-02-20,夜间,,晴朗,3,25%,微风,3,0,5,-
40,2019-02-21,白天,,多云,13,25%,和风,4,0,9,18%
41,2019-02-21,夜间,,阴天,3,32%,和风,4,0,4,73%
42,2019-02-22,白天,,局部多云,12,23%,和风,4,0,9,21%
43,2019-02-22,夜间,,阴天,5,27%,微风,3,0,5,73%
44,2019-02-23,白天,,局部多云,15,18%,和风,4,0,12,6%
45,2019-02-23,夜间,,阴天,5,24%,清风,5,0,6,33%
46,2019-02-24,白天,,阴天,14,20%,清风,5,0,11,21%
47,2019-02-24,夜间,,多云,4,39%,清风,5,0,4,52%
48,2019-02-25,白天,,多云,8,28%,强风,6,0,4,40%
49,2019-02-25,夜间,,阴天,3,38%,清风,5,0,2,31%
50,2019-02-26,白天,,阴天,10,28%,劲风,7,0,5,70%
51,2019-02-26,夜间,,多云,2,46%,清风,5,0,2,56%
52,2019-02-27,白天,,局部多云,14,29%,和风,4,0,10,10%
53,2019-02-27,夜间,,多云,5,33%,微风,3,0,8,48%
54,2019-02-28,白天,,局部多云,16,28%,和风,4,0,13,5%
55,2019-02-28,夜间,,局部多云,8,40%,和风,4,0,9,5%
0,2019-03-01,白天,,局部多云,17,30%,微风,3,0,14,8%
1,2019-03-01,夜间,,阴天,8,41%,清风,5,0,9,13%
2,2019-03-02,白天,,阴天,17,26%,强风,6,0,14,79%
3,2019-03-02,夜间,,阴天,9,34%,清风,5,0,10,30%
4,2019-03-03,白天,,局部多云,16,32%,劲风,7,0,14,11%
5,2019-03-03,夜间,,局部多云,8,46%,强风,6,0,9,5%
6,2019-03-04,白天,,局部多云,18,30%,和风,4,0,15,10%
7,2019-03-04,夜间,,多云,8,47%,清风,5,0,9,38%
8,2019-03-05,白天,,周边零星小雨,19,42%,和风,4,0.6,13,44%
9,2019-03-05,夜间,,局部多云,8,30%,劲风,7,0,9,3%
10,2019-03-06,白天,,局部多云,10,27%,大风,8,0,7,24%
11,2019-03-06,夜间,,局部多云,2,39%,清风,5,0,4,2%
12,2019-03-07,白天,,局部多云,14,15%,强风,6,0,10,1%
13,2019-03-07,夜间,,局部多云,7,22%,强风,6,0,8,1%
14,2019-03-08,白天,,阴天,15,18%,劲风,7,0,12,61%
15,2019-03-08,夜间,,阴天,9,22%,清风,5,0,9,96%
16,2019-03-09,白天,,阴天,15,24%,清风,5,0,12,65%
17,2019-03-09,夜间,,局部多云,7,38%,和风,4,0,8,37%
18,2019-03-10,白天,,阴天,12,36%,强风,6,0,8,33%
19,2019-03-10,夜间,,阴天,7,50%,清风,5,0,6,45%
20,2019-03-11,白天,,局部多云,15,16%,狂风,10,0,12,5%
21,2019-03-11,夜间,,局部多云,4,19%,烈风,9,0,4,7%
22,2019-03-12,白天,,局部多云,11,9%,烈风,9,0,6,1%
23,2019-03-12,夜间,,局部多云,3,12%,强风,6,0,4,4%
24,2019-03-13,白天,,局部多云,14,14%,劲风,7,0,10,6%
25,2019-03-13,夜间,,局部多云,7,21%,强风,6,0,8,12%
26,2019-03-14,白天,,局部多云,15,14%,大风,8,0,11,18%
27,2019-03-14,夜间,,局部多云,6,20%,烈风,9,0,6,4%
28,2019-03-15,白天,,局部多云,13,13%,大风,8,0,8,5%
29,2019-03-15,夜间,,局部多云,7,18%,强风,6,0,7,5%
30,2019-03-16,白天,,局部多云,19,15%,劲风,7,0,16,7%
31,2019-03-16,夜间,,局部多云,9,24%,清风,5,0,11,5%
32,2019-03-17,白天,,局部多云,17,20%,强风,6,0,15,13%
33,2019-03-17,夜间,,阴天,13,29%,劲风,7,0,13,31%
34,2019-03-18,白天,,局部多云,24,23%,劲风,7,0,21,44%
35,2019-03-18,夜间,,晴朗,15,38%,劲风,7,0,17,-
36,2019-03-19,白天,,多云,26,22%,大风,8,0,22,29%
37,2019-03-19,夜间,,周边零星小雨,16,40%,劲风,7,0.3,19,73%
38,2019-03-20,白天,,小阵雨,17,60%,劲风,7,1.5,15,79%
39,2019-03-20,夜间,,有时中雨,7,45%,烈风,9,3.8,6,45%
40,2019-03-21,白天,,局部多云,12,14%,烈风,9,0,8,4%
41,2019-03-21,夜间,,局部多云,5,21%,清风,5,0,7,11%
42,2019-03-22,白天,,局部多云,13,15%,劲风,7,0,10,11%
43,2019-03-22,夜间,,局部多云,5,20%,烈风,9,0,5,11%
44,2019-03-23,白天,,晴朗,13,12%,劲风,7,0,8,-
45,2019-03-23,夜间,,晴朗,6,13%,劲风,7,0,5,-
46,2019-03-24,白天,,晴朗,19,12%,大风,8,0,15,-
47,2019-03-24,夜间,,晴朗,12,18%,劲风,7,0,13,-
48,2019-03-25,白天,,晴朗,21,10%,大风,8,0,19,-
49,2019-03-25,夜间,,局部多云,10,22%,劲风,7,0,13,3%
50,2019-03-26,白天,,多云,15,33%,大风,8,0,12,28%
51,2019-03-26,夜间,,局部多云,10,50%,清风,5,0,10,8%
52,2019-03-27,白天,,多云,19,25%,大风,8,0,14,27%
53,2019-03-27,夜间,,局部多云,6,31%,大风,8,0,4,24%
54,2019-03-28,白天,,阴天,8,32%,劲风,7,0,5,55%
55,2019-03-28,夜间,,多云,4,50%,和风,4,0,5,30%
56,2019-03-29,白天,,局部多云,14,30%,清风,5,0,11,24%
57,2019-03-29,夜间,,局部多云,5,22%,狂风,10,0,3,3%
58,2019-03-30,白天,,局部多云,11,12%,暴风,11,0,5,14%
59,2019-03-30,夜间,,局部多云,5,16%,强风,6,0,4,6%
60,2019-03-31,白天,,局部多云,14,12%,大风,8,0,10,12%
61,2019-03-31,夜间,,局部多云,8,17%,强风,6,0,9,38%
0,2019-04-01,白天,,局部多云,17,15%,清风,5,0,14,10%
1,2019-04-01,夜间,,局部多云,9,22%,强风,6,0,9,17%
2,2019-04-02,白天,,局部多云,18,19%,劲风,7,0,15,1%
3,2019-04-02,夜间,,晴朗,10,33%,清风,5,0,12,-
4,2019-04-03,白天,,晴朗,22,15%,劲风,7,0,18,-
5,2019-04-03,夜间,,局部多云,13,25%,劲风,7,0,14,-
6,2019-04-04,白天,,局部多云,29,18%,烈风,9,0,23,-
7,2019-04-04,夜间,,局部多云,14,17%,大风,8,0,19,9%
8,2019-04-05,白天,,局部多云,15,20%,狂风,10,0,12,22%
9,2019-04-05,夜间,,局部多云,5,28%,狂风,10,0,7,28%
10,2019-04-06,白天,,多云,18,31%,大风,8,0,14,28%
11,2019-04-06,夜间,,阴天,9,42%,劲风,7,0,9,34%
12,2019-04-07,白天,,局部多云,15,30%,大风,8,0,12,14%
13,2019-04-07,夜间,,局部多云,8,31%,大风,8,0,7,9%
14,2019-04-08,白天,,局部多云,15,18%,狂风,10,0,11,15%
15,2019-04-08,夜间,,零星小雨,8,27%,劲风,7,2.4,8,68%
16,2019-04-09,白天,,小雨,11,43%,劲风,7,4.8,7,79%
17,2019-04-09,夜间,,局部多云,7,47%,清风,5,0,7,25%
18,2019-04-10,白天,,多云,19,26%,清风,5,0,16,22%
19,2019-04-10,夜间,,阴天,12,31%,清风,5,0,13,72%
20,2019-04-11,白天,,局部多云,18,28%,强风,6,0,16,23%
21,2019-04-11,夜间,,局部多云,11,42%,劲风,7,0,11,4%
22,2019-04-12,白天,,局部多云,22,20%,烈风,9,0,20,18%
23,2019-04-12,夜间,,局部多云,14,46%,劲风,7,0,15,24%
24,2019-04-13,白天,,周边零星小雨,21,39%,强风,6,0.4,19,48%
25,2019-04-13,夜间,,有时大雨,11,24%,劲风,7,5.4,13,39%
26,2019-04-14,白天,,晴朗,22,11%,劲风,7,0,20,-
27,2019-04-14,夜间,,局部多云,14,19%,大风,8,0,16,1%
28,2019-04-15,白天,,局部多云,27,13%,烈风,9,0,23,10%
29,2019-04-15,夜间,,中雨,15,36%,大风,8,3.5,19,41%
30,2019-04-16,白天,,中雨,23,45%,强风,6,11.8,21,53%
31,2019-04-16,夜间,,局部多云,17,49%,劲风,7,0,18,5%
32,2019-04-17,白天,,局部多云,32,24%,狂风,10,0,27,5%
33,2019-04-17,夜间,,局部多云,18,28%,烈风,9,0,23,27%
34,2019-04-18,白天,,局部多云,20,19%,狂风,10,0,18,9%
35,2019-04-18,夜间,,多云,12,25%,强风,6,0,12,26%
36,2019-04-19,白天,,局部多云,18,15%,劲风,7,0,16,14%
37,2019-04-19,夜间,,周边零星小雨,13,25%,清风,5,0.1,13,75%
38,2019-04-20,白天,,小雨,14,47%,清风,5,6.8,12,75%
39,2019-04-20,夜间,,局部多云,2,57%,和风,4,0,9,23%
40,2019-04-21,白天,,局部多云,19,39%,劲风,7,0,17,3%
41,2019-04-21,夜间,,晴朗,14,67%,清风,5,0,15,-
42,2019-04-22,白天,,局部多云,27,43%,劲风,7,0,24,8%
43,2019-04-22,夜间,,局部多云,19,62%,强风,6,0,22,8%
44,2019-04-23,白天,,局部多云,27,53%,劲风,7,0,25,6%
45,2019-04-23,夜间,,阴天,16,74%,强风,6,0,18,30%
46,2019-04-24,白天,,周边零星小雨,19,45%,烈风,9,0.3,15,96%
47,2019-04-24,夜间,,大雨,7,68%,烈风,9,87.7,6,90%
48,2019-04-25,白天,,零星细雨,19,29%,强风,6,0.6,15,16%
49,2019-04-25,夜间,,细雨,10,51%,劲风,7,0.9,11,48%
50,2019-04-26,白天,,零星细雨,21,32%,清风,5,0.6,18,18%
51,2019-04-26,夜间,,多云,14,41%,强风,6,0,15,31%
52,2019-04-27,白天,,周边零星小雨,15,46%,强风,6,0.3,14,75%
53,2019-04-27,夜间,,局部多云,10,64%,清风,5,0,10,17%
54,2019-04-28,白天,,局部多云,21,41%,劲风,7,0,17,10%
55,2019-04-28,夜间,,局部多云,14,50%,清风,5,0,16,16%
56,2019-04-29,白天,,局部多云,26,34%,劲风,7,0,23,5%
57,2019-04-29,夜间,,多云,17,39%,劲风,7,0,20,17%
58,2019-04-30,白天,,局部多云,24,25%,狂风,10,0,23,15%
59,2019-04-30,夜间,,局部多云,16,25%,强风,6,0,19,2%
0,2019-05-01,白天,,晴朗,31,12%,清风,5,0,26,-
1,2019-05-01,夜间,,晴朗,19,16%,劲风,7,0,24,-
2,2019-05-02,白天,,晴朗,31,9%,劲风,7,0,27,-
3,2019-05-02,夜间,,局部多云,19,14%,强风,6,0,22,12%
4,2019-05-03,白天,,局部多云,31,12%,劲风,7,0,27,27%
5,2019-05-03,夜间,,阴天,22,23%,劲风,7,0,24,79%
6,2019-05-04,白天,,多云,30,16%,大风,8,0,26,45%
7,2019-05-04,夜间,,局部多云,19,35%,烈风,9,0,22,13%
8,2019-05-05,白天,,局部多云,23,16%,烈风,9,0,21,2%
9,2019-05-05,夜间,,局部多云,15,26%,和风,4,0,18,1%
10,2019-05-06,白天,,局部多云,25,11%,强风,6,0,22,3%
11,2019-05-06,夜间,,局部多云,17,19%,劲风,7,0,19,7%
12,2019-05-07,白天,,局部多云,29,11%,劲风,7,0,25,1%
13,2019-05-07,夜间,,多云,20,18%,劲风,7,0,22,37%
14,2019-05-08,白天,,多云,28,17%,强风,6,0,25,61%
15,2019-05-08,夜间,,局部多云,19,24%,劲风,7,0,22,22%
16,2019-05-09,白天,,局部多云,29,21%,大风,8,0,25,16%
17,2019-05-09,夜间,,中到大雷雨,18,53%,强风,6,25.1,20,78%
18,2019-05-10,白天,,周边零星小雨,28,42%,清风,5,3.4,26,27%
19,2019-05-10,夜间,,周边零星小雨,20,43%,强风,6,0.2,23,25%
20,2019-05-11,白天,,周边零星小雨,31,34%,劲风,7,0.2,27,19%
21,2019-05-11,夜间,,局部多云,18,57%,强风,6,0,20,9%
22,2019-05-12,白天,,周边零星小雨,25,43%,劲风,7,6,24,60%
23,2019-05-12,夜间,,周边零星小雨,15,21%,烈风,9,3.8,18,40%
24,2019-05-13,白天,,局部多云,27,12%,大风,8,0,23,1%
25,2019-05-13,夜间,,局部多云,20,14%,劲风,7,0,21,1%
26,2019-05-14,白天,,多云,31,17%,强风,6,0,26,35%
27,2019-05-14,夜间,,多云,21,29%,劲风,7,0,24,38%
28,2019-05-15,白天,,局部多云,35,24%,烈风,9,0,31,8%
29,2019-05-15,夜间,,有时中雨,23,25%,劲风,7,3,26,43%
30,2019-05-16,白天,,多云,33,11%,劲风,7,0,29,46%
31,2019-05-16,夜间,,多云,25,42%,劲风,7,0,27,32%
32,2019-05-17,白天,,局部多云,35,35%,大风,8,0,31,10%
33,2019-05-17,夜间,,周边零星小雨,20,64%,大风,8,0.9,23,27%
34,2019-05-18,白天,,局部多云,28,45%,烈风,9,0,25,6%
35,2019-05-18,夜间,,局部多云,18,63%,劲风,7,0,19,17%
36,2019-05-19,白天,,局部多云,27,28%,狂风,10,0,24,18%
37,2019-05-19,夜间,,局部多云,16,23%,暴风,11,0,17,4%
38,2019-05-20,白天,,局部多云,27,16%,暴风,11,0,23,3%
39,2019-05-20,夜间,,晴朗,19,19%,劲风,7,0,21,-
40,2019-05-21,白天,,局部多云,31,11%,烈风,9,0,26,1%
41,2019-05-21,夜间,,局部多云,21,19%,清风,5,0,23,15%
42,2019-05-22,白天,,局部多云,37,11%,劲风,7,0,32,2%
43,2019-05-22,夜间,,局部多云,24,14%,强风,6,0,27,4%
44,2019-05-23,白天,,晴朗,43,11%,清风,5,0,39,-
45,2019-05-23,夜间,,多云,27,13%,劲风,7,0,32,25%
46,2019-05-24,白天,,多云,40,9%,狂风,10,0,37,58%
47,2019-05-24,夜间,,多云,28,19%,劲风,7,0,29,32%
48,2019-05-25,白天,,局部多云,37,23%,大风,8,0,33,19%
49,2019-05-25,夜间,,中到大阵雨,25,52%,强风,6,26.5,29,62%
50,2019-05-26,白天,,暴阵雨,26,70%,大风,8,78.8,23,79%
51,2019-05-26,夜间,,零星小雨,17,65%,劲风,7,9.5,19,42%
52,2019-05-27,白天,,局部多云,28,23%,烈风,9,0,25,2%
53,2019-05-27,夜间,,局部多云,20,24%,强风,6,0,23,6%
54,2019-05-28,白天,,局部多云,33,13%,劲风,7,0,29,7%
55,2019-05-28,夜间,,多云,22,20%,强风,6,0,25,26%
56,2019-05-29,白天,,局部多云,36,15%,强风,6,0,32,8%
57,2019-05-29,夜间,,多云,26,16%,烈风,9,0,27,17%
58,2019-05-30,白天,,多云,32,19%,劲风,7,0,27,33%
59,2019-05-30,夜间,,局部多云,21,18%,劲风,7,0,23,1%
60,2019-05-31,白天,,局部多云,32,11%,劲风,7,0,27,5%
61,2019-05-31,夜间,,多云,23,12%,劲风,7,0,25,24%
0,2019-06-01,白天,,局部多云,36,14%,强风,6,0,31,21%
1,2019-06-01,夜间,,周边雷暴,21,48%,清风,5,0.4,26,40%
2,2019-06-02,白天,,局部多云,39,26%,和风,4,0,34,10%
3,2019-06-02,夜间,,局部多云,23,39%,劲风,7,0,29,14%
4,2019-06-03,白天,,局部多云,37,14%,大风,8,0,32,1%
5,2019-06-03,夜间,,周边雷暴,24,27%,强风,6,0,30,6%
6,2019-06-04,白天,,周边雷暴,30,43%,劲风,7,0,29,34%
7,2019-06-04,夜间,,周边零星小雨,21,60%,强风,6,0.6,23,27%
8,2019-06-05,白天,,周边零星小雨,28,47%,强风,6,0.3,27,27%
9,2019-06-05,夜间,,局部多云,22,66%,和风,4,0,25,19%
10,2019-06-06,白天,,局部多云,29,47%,强风,6,0,28,36%
11,2019-06-06,夜间,,局部多云,22,58%,强风,6,0,25,11%
12,2019-06-07,白天,,零星雷雨,34,38%,大风,8,1.1,32,17%
13,2019-06-07,夜间,,零星雷雨,23,53%,清风,5,13.9,27,53%
14,2019-06-08,白天,,局部多云,36,17%,大风,8,0,32,1%
15,2019-06-08,夜间,,局部多云,23,34%,大风,8,0,28,12%
16,2019-06-09,白天,,局部多云,30,32%,烈风,9,0,28,12%
17,2019-06-09,夜间,,局部多云,23,42%,和风,4,0,26,11%
18,2019-06-10,白天,,局部多云,33,30%,强风,6,0,30,12%
19,2019-06-10,夜间,,局部多云,22,52%,强风,6,0,26,10%
20,2019-06-11,白天,,局部多云,32,37%,劲风,7,0,29,3%
21,2019-06-11,夜间,,局部多云,21,51%,劲风,7,0,25,7%
22,2019-06-12,白天,,局部多云,35,35%,强风,6,0,31,24%
23,2019-06-12,夜间,,局部多云,26,32%,强风,6,0,29,22%
24,2019-06-13,白天,,中到大雷雨,35,31%,强风,6,10.9,33,36%
25,2019-06-13,夜间,,中到大雷雨,22,71%,劲风,7,47.6,29,30%
26,2019-06-14,白天,,局部多云,35,27%,强风,6,0,31,3%
27,2019-06-14,夜间,,局部多云,22,44%,强风,6,0,27,3%
28,2019-06-15,白天,,局部多云,31,30%,劲风,7,0,28,6%
29,2019-06-15,夜间,,多云,20,49%,大风,8,0,23,40%
30,2019-06-16,白天,,小雨,26,50%,强风,6,7.5,23,50%
31,2019-06-16,夜间,,局部多云,19,60%,清风,5,0,21,13%
32,2019-06-17,白天,,局部多云,31,39%,强风,6,0,29,5%
33,2019-06-17,夜间,,局部多云,24,59%,清风,5,0,27,12%
34,2019-06-18,白天,,周边零星小雨,38,36%,清风,5,0.6,35,28%
35,2019-06-18,夜间,,周边零星小雨,21,72%,劲风,7,2.4,27,51%
36,2019-06-19,白天,,周边零星小雨,30,55%,大风,8,0.3,29,24%
37,2019-06-19,夜间,,局部多云,23,70%,强风,6,0,26,8%
38,2019-06-20,白天,,局部多云,37,37%,清风,5,0,34,9%
39,2019-06-20,夜间,,局部多云,24,54%,劲风,7,0,30,10%
40,2019-06-21,白天,,局部多云,31,32%,烈风,9,0,29,8%
41,2019-06-21,夜间,,局部多云,23,45%,清风,5,0,25,18%
42,2019-06-22,白天,,局部多云,36,24%,强风,6,0,32,11%
43,2019-06-22,夜间,,局部多云,26,37%,强风,6,0,28,10%
44,2019-06-23,白天,,局部多云,36,26%,劲风,7,0,32,5%
45,2019-06-23,夜间,,局部多云,27,40%,清风,5,0,28,11%
46,2019-06-24,白天,,局部多云,39,22%,劲风,7,0,36,10%
47,2019-06-24,夜间,,局部多云,28,30%,大风,8,0,31,9%
48,2019-06-25,白天,,局部多云,38,24%,大风,8,0,35,15%
49,2019-06-25,夜间,,局部多云,25,44%,大风,8,0,28,7%
50,2019-06-26,白天,,局部多云,34,35%,劲风,7,0,32,6%
51,2019-06-26,夜间,,局部多云,25,49%,清风,5,0,27,9%
52,2019-06-27,白天,,局部多云,37,25%,强风,6,0,34,32%
53,2019-06-27,夜间,,局部多云,28,34%,清风,5,0,30,45%
54,2019-06-28,白天,,局部多云,34,40%,强风,6,0,31,27%
55,2019-06-28,夜间,,局部多云,25,63%,劲风,7,0,28,6%
56,2019-06-29,白天,,局部多云,36,28%,劲风,7,0,34,15%
57,2019-06-29,夜间,,局部多云,23,39%,劲风,7,0,27,7%
58,2019-06-30,白天,,局部多云,33,39%,劲风,7,0,29,31%
59,2019-06-30,夜间,,局部多云,22,61%,清风,5,0,26,5%
0,2019-07-01,白天,,局部多云,38,22%,清风,5,0,33,6%
1,2019-07-01,夜间,,局部多云,27,28%,清风,5,0,31,19%
2,2019-07-02,白天,,周边零星小雨,36,26%,劲风,7,1.8,32,49%
3,2019-07-02,夜间,,周边零星小雨,22,61%,清风,5,1.2,28,22%
4,2019-07-03,白天,,局部多云,39,27%,清风,5,0,35,4%
5,2019-07-03,夜间,,局部多云,27,35%,强风,6,0,31,5%
6,2019-07-04,白天,,局部多云,40,20%,大风,8,0,38,5%
7,2019-07-04,夜间,,周边零星小雨,29,33%,大风,8,0.7,32,31%
8,2019-07-05,白天,,有时大雨,39,28%,强风,6,19.2,36,82%
9,2019-07-05,夜间,,暴阵雨,22,76%,劲风,7,66.1,29,82%
10,2019-07-06,白天,,暴阵雨,25,76%,清风,5,97.5,26,84%
11,2019-07-06,夜间,,暴阵雨,18,86%,强风,6,61.2,21,87%
12,2019-07-07,白天,,小阵雨,28,57%,劲风,7,5.1,27,80%
13,2019-07-07,夜间,,周边零星小雨,22,70%,和风,4,0.4,25,29%
14,2019-07-08,白天,,局部多云,34,39%,和风,4,0,32,16%
15,2019-07-08,夜间,,局部多云,26,51%,和风,4,0,28,19%
16,2019-07-09,白天,,周边零星小雨,30,47%,清风,5,0.3,30,49%
17,2019-07-09,夜间,,中到大阵雨,22,75%,清风,5,23.4,25,73%
18,2019-07-10,白天,,小阵雨,28,55%,大风,8,8.9,27,57%
19,2019-07-10,夜间,,局部多云,21,76%,清风,5,0,23,17%
20,2019-07-11,白天,,局部多云,32,42%,清风,5,0,30,17%
21,2019-07-11,夜间,,局部多云,24,56%,清风,5,0,27,12%
22,2019-07-12,白天,,局部多云,37,31%,清风,5,0,34,14%
23,2019-07-12,夜间,,局部多云,27,46%,清风,5,0,30,17%
24,2019-07-13,白天,,局部多云,38,32%,清风,5,0,36,23%
25,2019-07-13,夜间,,周边零星小雨,27,56%,清风,5,0.9,31,33%
26,2019-07-14,白天,,周边雷暴,38,35%,清风,5,1.5,36,54%
27,2019-07-14,夜间,,周边零星小雨,25,62%,清风,5,1.8,29,62%
28,2019-07-15,白天,,局部多云,36,39%,强风,6,0,35,12%
29,2019-07-15,夜间,,局部多云,26,55%,强风,6,0,29,18%
30,2019-07-16,白天,,局部多云,34,43%,劲风,7,0,33,16%
31,2019-07-16,夜间,,周边零星小雨,25,66%,清风,5,1.9,28,49%
32,2019-07-17,白天,,周边零星小雨,31,58%,强风,6,1.4,30,43%
33,2019-07-17,夜间,,周边零星小雨,26,68%,微风,3,3.5,30,65%
34,2019-07-18,白天,,周边零星小雨,36,46%,清风,5,2,36,45%
35,2019-07-18,夜间,,局部多云,26,62%,强风,6,0,30,34%
36,2019-07-19,白天,,局部多云,35,45%,劲风,7,0,35,23%
37,2019-07-19,夜间,,局部多云,25,71%,强风,6,0,29,25%
38,2019-07-20,白天,,多云,31,58%,和风,4,0,32,45%
39,2019-07-20,夜间,,局部多云,19,81%,清风,5,0,28,12%
40,2019-07-21,白天,,局部多云,41,39%,强风,6,0,39,5%
41,2019-07-21,夜间,,局部多云,31,39%,强风,6,0,34,10%
42,2019-07-22,白天,,阴天,40,34%,清风,5,0,39,44%
43,2019-07-22,夜间,,大雨,25,72%,清风,5,72.6,31,90%
44,2019-07-23,白天,,大雨,38,49%,强风,6,32.6,38,28%
45,2019-07-23,夜间,,局部多云,30,58%,微风,3,0,35,4%
46,2019-07-24,白天,,局部多云,40,36%,强风,6,0,42,4%
47,2019-07-24,夜间,,周边零星小雨,27,55%,劲风,7,0.8,34,42%
48,2019-07-25,白天,,周边零星小雨,37,46%,劲风,7,0.5,38,30%
49,2019-07-25,夜间,,周边零星小雨,30,58%,清风,5,0.2,35,17%
50,2019-07-26,白天,,局部多云,41,30%,强风,6,0,41,3%
51,2019-07-26,夜间,,局部多云,31,47%,强风,6,0,36,1%
52,2019-07-27,白天,,局部多云,39,33%,大风,8,0,40,6%
53,2019-07-27,夜间,,局部多云,29,67%,劲风,7,0,35,18%
54,2019-07-28,白天,,局部多云,37,53%,劲风,7,0,42,18%
55,2019-07-28,夜间,,中到大阵雨,29,74%,强风,6,20.6,37,45%
56,2019-07-29,白天,,中到大阵雨,35,72%,大风,8,282.9,35,80%
57,2019-07-29,夜间,,大雨,16,84%,劲风,7,221.4,24,61%
58,2019-07-30,白天,,局部多云,35,53%,劲风,7,0,37,2%
59,2019-07-30,夜间,,局部多云,28,60%,强风,6,0,33,2%
60,2019-07-31,白天,,局部多云,39,42%,清风,5,0,41,1%
61,2019-07-31,夜间,,零星雷雨,29,59%,清风,5,4.1,36,45%
0,2019-08-01,白天,,局部多云,38,43%,劲风,7,0,40,9%
1,2019-08-01,夜间,,中到大阵雨,27,74%,强风,6,26,33,68%
2,2019-08-02,白天,,中到大阵雨,31,65%,强风,6,28.1,32,76%
3,2019-08-02,夜间,,小阵雨,21,81%,清风,5,2.6,25,53%
4,2019-08-03,白天,,局部多云,31,58%,清风,5,0,32,17%
5,2019-08-03,夜间,,局部多云,25,73%,和风,4,0,28,46%
6,2019-08-04,白天,,周边零星小雨,30,67%,清风,5,0.3,31,59%
7,2019-08-04,夜间,,中到大阵雨,25,84%,清风,5,14.5,29,60%
8,2019-08-05,白天,,中到大阵雨,33,60%,劲风,7,7.3,35,76%
9,2019-08-05,夜间,,周边零星小雨,27,74%,和风,4,5.1,32,51%
10,2019-08-06,白天,,小阵雨,33,61%,清风,5,0.5,37,57%
11,2019-08-06,夜间,,中到大阵雨,27,78%,和风,4,24.1,32,57%
12,2019-08-07,白天,,中到大阵雨,32,64%,强风,6,38.8,35,80%
13,2019-08-07,夜间,,中到大阵雨,25,78%,和风,4,7.4,29,42%
14,2019-08-08,白天,,局部多云,35,55%,微风,3,0,37,16%
15,2019-08-08,夜间,,局部多云,28,70%,清风,5,0,32,9%
16,2019-08-09,白天,,周边零星小雨,34,59%,强风,6,1.1,37,35%
17,2019-08-09,夜间,,中到大阵雨,25,83%,清风,5,26.6,30,80%
18,2019-08-10,白天,,中到大阵雨,27,80%,清风,5,47.4,29,71%
19,2019-08-10,夜间,,暴阵雨,23,85%,强风,6,32.5,27,79%
20,2019-08-11,白天,,大雨,23,90%,狂风,10,79.6,25,96%
21,2019-08-11,夜间,,有时大雨,16,83%,狂风,10,23.7,22,90%
22,2019-08-12,白天,,大雨,28,72%,暴风,11,36.3,27,79%
23,2019-08-12,夜间,,大雨,17,83%,大风,8,25.4,23,70%
24,2019-08-13,白天,,周边零星小雨,29,65%,大风,8,1.6,29,72%
25,2019-08-13,夜间,,周边零星小雨,23,69%,清风,5,0.2,26,23%
26,2019-08-14,白天,,局部多云,34,49%,清风,5,0,33,8%
27,2019-08-14,夜间,,局部多云,25,59%,和风,4,0,28,4%
28,2019-08-15,白天,,局部多云,37,49%,强风,6,0,38,2%
29,2019-08-15,夜间,,暴阵雨,23,77%,清风,5,67.2,29,42%
30,2019-08-16,白天,,局部多云,31,50%,烈风,9,0,30,8%
31,2019-08-16,夜间,,局部多云,22,53%,劲风,7,0,27,24%
32,2019-08-17,白天,,局部多云,32,43%,大风,8,0,29,11%
33,2019-08-17,夜间,,局部多云,23,47%,和风,4,0,26,4%
34,2019-08-18,白天,,局部多云,34,39%,和风,4,0,32,4%
35,2019-08-18,夜间,,局部多云,23,56%,强风,6,0,27,5%
36,2019-08-19,白天,,阴天,33,43%,劲风,7,0,31,13%
37,2019-08-19,夜间,,阴天,24,61%,强风,6,0,27,36%
38,2019-08-20,白天,,多云,26,61%,清风,5,0,26,64%
39,2019-08-20,夜间,,多云,22,70%,清风,5,0,25,25%
40,2019-08-21,白天,,局部多云,34,40%,强风,6,0,30,1%
41,2019-08-21,夜间,,局部多云,21,46%,清风,5,0,27,8%
42,2019-08-22,白天,,局部多云,35,31%,清风,5,0,31,11%
43,2019-08-22,夜间,,局部多云,21,45%,清风,5,0,28,12%
44,2019-08-23,白天,,局部多云,31,36%,强风,6,0,29,20%
45,2019-08-23,夜间,,局部多云,23,56%,和风,4,0,27,28%
46,2019-08-24,白天,,局部多云,33,39%,清风,5,0,31,13%
47,2019-08-24,夜间,,局部多云,22,56%,清风,5,0,26,9%
48,2019-08-25,白天,,局部多云,32,42%,清风,5,0,31,12%
49,2019-08-25,夜间,,多云,23,70%,清风,5,0,26,35%
50,2019-08-26,白天,,阴天,29,62%,清风,5,0,29,62%
51,2019-08-26,夜间,,周边零星小雨,23,79%,和风,4,5,27,70%
52,2019-08-27,白天,,周边零星小雨,34,40%,清风,5,0.4,33,21%
53,2019-08-27,夜间,,局部多云,24,41%,强风,6,0,27,5%
54,2019-08-28,白天,,局部多云,32,29%,狂风,10,0,28,17%
55,2019-08-28,夜间,,局部多云,20,40%,烈风,9,0,23,4%
56,2019-08-29,白天,,局部多云,29,35%,大风,8,0,27,8%
57,2019-08-29,夜间,,局部多云,21,45%,劲风,7,0,23,7%
58,2019-08-30,白天,,局部多云,32,34%,强风,6,0,29,6%
59,2019-08-30,夜间,,局部多云,21,46%,清风,5,0,25,8%
60,2019-08-31,白天,,局部多云,33,31%,清风,5,0,30,10%
61,2019-08-31,夜间,,局部多云,22,47%,清风,5,0,26,8%
0,2019-09-01,白天,,局部多云,34,33%,清风,5,0,30,6%
1,2019-09-01,夜间,,局部多云,23,57%,和风,4,0,26,5%
2,2019-09-02,白天,,局部多云,34,36%,清风,5,0,32,5%
3,2019-09-02,夜间,,局部多云,24,58%,清风,5,0,28,3%
4,2019-09-03,白天,,局部多云,35,36%,清风,5,0,32,3%
5,2019-09-03,夜间,,局部多云,23,51%,清风,5,0,27,11%
6,2019-09-04,白天,,局部多云,33,38%,清风,5,0,30,23%
7,2019-09-04,夜间,,局部多云,22,62%,清风,5,0,25,9%
8,2019-09-05,白天,,局部多云,33,36%,清风,5,0,31,9%
9,2019-09-05,夜间,,局部多云,24,52%,清风,5,0,27,6%
10,2019-09-06,白天,,局部多云,35,35%,和风,4,0,32,5%
11,2019-09-06,夜间,,局部多云,23,59%,和风,4,0,27,11%
12,2019-09-07,白天,,局部多云,36,36%,清风,5,0,33,7%
13,2019-09-07,夜间,,局部多云,25,46%,强风,6,0,28,4%
14,2019-09-08,白天,,局部多云,40,28%,和风,4,0,35,5%
15,2019-09-08,夜间,,局部多云,26,44%,和风,4,0,30,7%
16,2019-09-09,白天,,局部多云,33,50%,劲风,7,0,32,16%
17,2019-09-09,夜间,,周边零星小雨,22,67%,劲风,7,0.4,25,53%
18,2019-09-10,白天,,局部多云,29,37%,劲风,7,0,27,31%
19,2019-09-10,夜间,,局部多云,20,50%,清风,5,0,23,38%
20,2019-09-11,白天,,局部多云,27,33%,清风,5,0,25,47%
21,2019-09-11,夜间,,周边零星小雨,21,47%,微风,3,0.3,23,69%
22,2019-09-12,白天,,阴天,26,51%,强风,6,0,26,62%
23,2019-09-12,夜间,,大雨,17,80%,清风,5,45.3,21,85%
24,2019-09-13,白天,,大雨,28,59%,劲风,7,30.6,25,42%
25,2019-09-13,夜间,,局部多云,20,53%,和风,4,0,24,15%
26,2019-09-14,白天,,局部多云,32,39%,和风,4,0,28,16%
27,2019-09-14,夜间,,局部多云,22,50%,清风,5,0,25,5%
28,2019-09-15,白天,,局部多云,31,35%,劲风,7,0,28,5%
29,2019-09-15,夜间,,局部多云,19,51%,劲风,7,0,23,4%
30,2019-09-16,白天,,局部多云,27,31%,劲风,7,0,24,3%
31,2019-09-16,夜间,,局部多云,19,50%,和风,4,0,21,7%
32,2019-09-17,白天,,阴天,30,39%,劲风,7,0,27,29%
33,2019-09-17,夜间,,周边零星小雨,17,42%,大风,8,0.2,21,14%
34,2019-09-18,白天,,局部多云,28,20%,清风,5,0,24,2%
35,2019-09-18,夜间,,阴天,16,37%,强风,6,0,21,68%
36,2019-09-19,白天,,局部多云,27,31%,劲风,7,0,24,32%
37,2019-09-19,夜间,,局部多云,18,36%,清风,5,0,20,35%
38,2019-09-20,白天,,多云,29,37%,和风,4,0,26,49%
39,2019-09-20,夜间,,局部多云,20,47%,清风,5,0,22,42%
40,2019-09-21,白天,,局部多云,28,43%,大风,8,0,26,9%
41,2019-09-21,夜间,,局部多云,18,65%,清风,5,0,20,10%
42,2019-09-22,白天,,局部多云,30,38%,清风,5,0,26,10%
43,2019-09-22,夜间,,局部多云,22,57%,和风,4,0,25,1%
44,2019-09-23,白天,,局部多云,34,31%,清风,5,0,30,1%
45,2019-09-23,夜间,,局部多云,21,36%,强风,6,0,27,6%
46,2019-09-24,白天,,局部多云,31,28%,劲风,7,0,27,3%
47,2019-09-24,夜间,,局部多云,19,67%,和风,4,0,24,1%
48,2019-09-25,白天,,晴朗,33,34%,清风,5,0,30,-
49,2019-09-25,夜间,,晴朗,23,42%,清风,5,0,27,-
50,2019-09-26,白天,,局部多云,34,26%,清风,5,0,29,1%
51,2019-09-26,夜间,,局部多云,22,61%,清风,5,0,26,1%
52,2019-09-27,白天,,局部多云,31,39%,清风,5,0,28,3%
53,2019-09-27,夜间,,局部多云,21,51%,清风,5,0,24,3%
54,2019-09-28,白天,,局部多云,32,31%,清风,5,0,29,7%
55,2019-09-28,夜间,,局部多云,24,45%,清风,5,0,26,1%
56,2019-09-29,白天,,局部多云,34,30%,强风,6,0,30,9%
57,2019-09-29,夜间,,局部多云,24,43%,强风,6,0,26,7%
58,2019-09-30,白天,,局部多云,33,28%,劲风,7,0,29,6%
59,2019-09-30,夜间,,局部多云,23,42%,强风,6,0,26,8%
0,2019-10-01,白天,,局部多云,32,28%,劲风,7,0,28,8%
1,2019-10-01,夜间,,局部多云,21,48%,强风,6,0,25,6%
2,2019-10-02,白天,,局部多云,32,33%,清风,5,0,29,5%
3,2019-10-02,夜间,,局部多云,23,39%,清风,5,0,25,4%
4,2019-10-03,白天,,局部多云,30,42%,劲风,7,0,27,7%
5,2019-10-03,夜间,,阴天,12,52%,烈风,9,0,16,33%
6,2019-10-04,白天,,中雨,12,70%,劲风,7,40,8,85%
7,2019-10-04,夜间,,周边零星小雨,5,45%,强风,6,0.2,9,15%
8,2019-10-05,白天,,局部多云,22,21%,清风,5,0,19,2%
9,2019-10-05,夜间,,阴天,12,28%,微风,3,0,15,26%
10,2019-10-06,白天,,局部多云,20,20%,清风,5,0,19,25%
11,2019-10-06,夜间,,多云,12,48%,强风,6,0,13,39%
12,2019-10-07,白天,,局部多云,24,36%,劲风,7,0,21,1%
13,2019-10-07,夜间,,局部多云,13,32%,劲风,7,0,15,1%
14,2019-10-08,白天,,晴朗,23,17%,清风,5,0,21,-
15,2019-10-08,夜间,,局部多云,14,32%,强风,6,0,16,15%
16,2019-10-09,白天,,局部多云,23,37%,劲风,7,0,22,21%
17,2019-10-09,夜间,,阴天,15,66%,劲风,7,0,16,54%
18,2019-10-10,白天,,阴天,24,61%,清风,5,0,21,42%
19,2019-10-10,夜间,,局部多云,15,76%,强风,6,0,17,26%
20,2019-10-11,白天,,局部多云,21,53%,劲风,7,0,19,23%
21,2019-10-11,夜间,,多云,15,55%,强风,6,0,16,43%
22,2019-10-12,白天,,多云,21,31%,劲风,7,0,19,45%
23,2019-10-12,夜间,,阴天,13,42%,劲风,7,0,15,67%
24,2019-10-13,白天,,周边零星小雨,16,35%,大风,8,0.2,13,79%
25,2019-10-13,夜间,,周边零星小雨,4,55%,强风,6,0.4,7,25%
26,2019-10-14,白天,,晴朗,18,16%,清风,5,0,14,-
27,2019-10-14,夜间,,多云,8,22%,微风,3,0,11,31%
28,2019-10-15,白天,,局部多云,19,18%,清风,5,0,16,6%
29,2019-10-15,夜间,,多云,12,20%,清风,5,0,13,47%
30,2019-10-16,白天,,周边零星小雨,17,41%,强风,6,0.4,12,86%
31,2019-10-16,夜间,,细雨,2,75%,和风,4,1.5,9,84%
32,2019-10-17,白天,,细雨,15,65%,微风,3,0.8,14,69%
33,2019-10-17,夜间,,细雨,12,66%,微风,3,3.7,13,90%
34,2019-10-18,白天,,周边零星小雨,21,45%,微风,3,1.4,19,21%
35,2019-10-18,夜间,,局部多云,15,62%,和风,4,0,16,5%
36,2019-10-19,白天,,多云,24,41%,劲风,7,0,22,12%
37,2019-10-19,夜间,,多云,16,49%,强风,6,0,18,22%
38,2019-10-20,白天,,局部多云,23,22%,劲风,7,0,21,19%
39,2019-10-20,夜间,,晴朗,13,21%,强风,6,0,16,-
40,2019-10-21,白天,,局部多云,22,34%,强风,6,0,18,9%
41,2019-10-21,夜间,,局部多云,14,68%,和风,4,0,15,7%
42,2019-10-22,白天,,局部多云,23,44%,微风,3,0,21,8%
43,2019-10-22,夜间,,阴天,16,58%,和风,4,0,17,72%
44,2019-10-23,白天,,局部多云,25,41%,强风,6,0,22,17%
45,2019-10-23,夜间,,局部多云,18,62%,清风,5,0,19,4%
46,2019-10-24,白天,,小雨,22,52%,大风,8,4.6,18,72%
47,2019-10-24,夜间,,周边零星小雨,6,37%,烈风,9,3.2,5,15%
48,2019-10-25,白天,,局部多云,15,22%,大风,8,0,10,-
49,2019-10-25,夜间,,阴天,8,25%,和风,4,0,9,21%
50,2019-10-26,白天,,局部多云,17,23%,劲风,7,0,14,4%
51,2019-10-26,夜间,,局部多云,11,35%,强风,6,0,11,1%
52,2019-10-27,白天,,晴朗,22,25%,清风,5,0,19,-
53,2019-10-27,夜间,,局部多云,13,28%,烈风,9,0,14,1%
54,2019-10-28,白天,,局部多云,16,15%,台风,12,0,12,1%
55,2019-10-28,夜间,,局部多云,10,19%,强风,6,0,9,1%
56,2019-10-29,白天,,局部多云,19,15%,强风,6,0,17,-
57,2019-10-29,夜间,,局部多云,12,23%,强风,6,0,13,1%
58,2019-10-30,白天,,局部多云,24,20%,和风,4,0,20,1%
59,2019-10-30,夜间,,局部多云,14,26%,清风,5,0,16,6%
60,2019-10-31,白天,,局部多云,26,25%,劲风,7,0,21,1%
61,2019-10-31,夜间,,多云,13,56%,强风,6,0,16,10%
0,2019-11-01,白天,,阴天,17,41%,劲风,7,0,15,74%
1,2019-11-01,夜间,,阴天,13,55%,清风,5,0,13,67%
2,2019-11-02,白天,,阴天,18,47%,清风,5,0,16,67%
3,2019-11-02,夜间,,周边零星小雨,10,50%,劲风,7,0.3,10,60%
4,2019-11-03,白天,,局部多云,15,16%,强风,6,0,13,11%
5,2019-11-03,夜间,,局部多云,8,27%,微风,3,0,10,14%
6,2019-11-04,白天,,局部多云,18,40%,清风,5,0,15,7%
7,2019-11-04,夜间,,局部多云,12,59%,清风,5,0,13,3%
8,2019-11-05,白天,,局部多云,14,46%,大风,8,0,11,6%
9,2019-11-05,夜间,,局部多云,10,62%,和风,4,0,11,12%
10,2019-11-06,白天,,局部多云,18,45%,和风,4,0,16,8%
11,2019-11-06,夜间,,局部多云,7,43%,劲风,7,0,9,13%
12,2019-11-07,白天,,局部多云,15,24%,强风,6,0,10,3%
13,2019-11-07,夜间,,晴朗,8,52%,强风,6,0,7,-
14,2019-11-08,白天,,晴朗,18,41%,清风,5,0,15,-
15,2019-11-08,夜间,,局部多云,13,60%,轻风,2,0,14,-
16,2019-11-09,白天,,局部多云,18,50%,清风,5,0,16,11%
17,2019-11-09,夜间,,中雨,9,66%,烈风,9,20.3,10,91%
18,2019-11-10,白天,,中雨,16,37%,暴风,11,18.4,11,57%
19,2019-11-10,夜间,,局部多云,11,39%,劲风,7,0,10,-
20,2019-11-11,白天,,局部多云,19,30%,清风,5,0,17,1%
21,2019-11-11,夜间,,阴天,12,43%,强风,6,0,12,41%
22,2019-11-12,白天,,多云,20,31%,清风,5,0,17,32%
23,2019-11-12,夜间,,阴天,10,30%,劲风,7,0,12,54%
24,2019-11-13,白天,,局部多云,9,16%,暴风,11,0,3,2%
25,2019-11-13,夜间,,局部多云,0,28%,清风,5,0,1,5%
26,2019-11-14,白天,,局部多云,12,26%,清风,5,0,9,5%
27,2019-11-14,夜间,,阴天,5,40%,清风,5,0,5,24%
28,2019-11-15,白天,,局部多云,10,55%,劲风,7,0,6,2%
29,2019-11-15,夜间,,局部多云,4,67%,强风,6,0,3,30%
30,2019-11-16,白天,,阴天,11,66%,大风,8,0,6,83%
31,2019-11-16,夜间,,阴天,5,76%,劲风,7,0,5,88%
32,2019-11-17,白天,,阴天,14,50%,大风,8,0,9,54%
33,2019-11-17,夜间,,局部多云,-2,15%,暴风,11,0,-2,2%
34,2019-11-18,白天,,局部多云,6,11%,烈风,9,0,-1,1%
35,2019-11-18,夜间,,晴朗,1,15%,强风,6,0,0,-
36,2019-11-19,白天,,局部多云,10,12%,清风,5,0,5,2%
37,2019-11-19,夜间,,局部多云,4,27%,和风,4,0,3,5%
38,2019-11-20,白天,,阴天,11,21%,轻风,2,0,8,26%
39,2019-11-20,夜间,,阴天,3,34%,微风,3,0,5,73%
40,2019-11-21,白天,,阴天,14,35%,清风,5,0,11,56%
41,2019-11-21,夜间,,局部多云,7,55%,轻风,2,0,8,34%
42,2019-11-22,白天,,阴天,15,60%,清风,5,0,12,59%
43,2019-11-22,夜间,,阴天,10,72%,和风,4,0,11,79%
44,2019-11-23,白天,,多云,15,63%,清风,5,0,12,43%
45,2019-11-23,夜间,,细雨,7,70%,强风,6,1.8,7,87%
46,2019-11-24,白天,,多云,6,15%,狂风,10,0,0,20%
47,2019-11-24,夜间,,局部多云,-1,20%,强风,6,0,-3,-
48,2019-11-25,白天,,晴朗,6,15%,和风,4,0,3,-
49,2019-11-25,夜间,,多云,-1,25%,清风,5,0,-2,26%
50,2019-11-26,白天,,阴天,6,26%,清风,5,0,1,45%
51,2019-11-26,夜间,,局部多云,-2,26%,劲风,7,0,-4,16%
52,2019-11-27,白天,,局部多云,5,21%,强风,6,0,-1,2%
53,2019-11-27,夜间,,局部多云,-2,22%,和风,4,0,-3,2%
54,2019-11-28,白天,,局部多云,5,28%,微风,3,0,2,10%
55,2019-11-28,夜间,,局部多云,0,44%,轻风,2,0,1,16%
56,2019-11-29,白天,,零星中雪,5,48%,和风,4,0.7,2,56%
57,2019-11-29,夜间,,零星中雪,2,73%,微风,3,1,2,80%
58,2019-11-30,白天,,零星中雪,7,44%,强风,6,0.4,3,32%
59,2019-11-30,夜间,,阴天,-1,37%,劲风,7,0,-3,57%
0,2019-12-01,白天,,局部多云,5,27%,强风,6,0,0,12%
1,2019-12-01,夜间,,局部多云,-3,31%,大风,8,0,-6,1%
2,2019-12-02,白天,,局部多云,3,22%,大风,8,0,-3,3%
3,2019-12-02,夜间,,局部多云,0,29%,强风,6,0,-3,4%
4,2019-12-03,白天,,局部多云,8,25%,清风,5,0,4,5%
5,2019-12-03,夜间,,局部多云,3,32%,和风,4,0,2,4%
6,2019-12-04,白天,,局部多云,9,30%,强风,6,0,4,2%
7,2019-12-04,夜间,,中雪,-3,68%,劲风,7,0.5,-5,54%
8,2019-12-05,白天,,零星中雪,4,30%,清风,5,0.4,-2,15%
9,2019-12-05,夜间,,局部多云,-6,47%,和风,4,0,-4,3%
10,2019-12-06,白天,,局部多云,4,50%,强风,6,0,-2,16%
11,2019-12-06,夜间,,晴朗,0,63%,和风,4,0,0,-
12,2019-12-07,白天,,晴朗,8,40%,微风,3,0,5,-
13,2019-12-07,夜间,,阴天,0,64%,微风,3,0,1,20%
14,2019-12-08,白天,,阴天,8,53%,和风,4,0,4,20%
15,2019-12-08,夜间,,局部多云,0,58%,微风,3,0,0,11%
16,2019-12-09,白天,,局部多云,9,37%,和风,4,0,5,8%
17,2019-12-09,夜间,,局部多云,2,48%,微风,3,0,4,5%
18,2019-12-10,白天,,局部多云,9,37%,劲风,7,0,3,4%
19,2019-12-10,夜间,,局部多云,1,34%,烈风,9,0,-2,7%
20,2019-12-11,白天,,局部多云,3,22%,狂风,10,0,-4,1%
21,2019-12-11,夜间,,局部多云,-8,25%,和风,4,0,-3,1%
22,2019-12-12,白天,,晴朗,7,21%,清风,5,0,2,-
23,2019-12-12,夜间,,局部多云,1,34%,微风,3,0,1,3%
24,2019-12-13,白天,,局部多云,8,29%,劲风,7,0,2,1%
25,2019-12-13,夜间,,局部多云,0,36%,强风,6,0,-1,5%
26,2019-12-14,白天,,阴天,7,37%,和风,4,0,3,61%
27,2019-12-14,夜间,,局部多云,0,60%,和风,4,0,0,24%
28,2019-12-15,白天,,阴天,7,47%,轻风,2,0,4,71%
29,2019-12-15,夜间,,阴天,-1,51%,微风,3,0,3,100%
30,2019-12-16,白天,,细雨,4,76%,清风,5,1.7,2,100%
31,2019-12-16,夜间,,细雨,-2,68%,大风,8,0.4,-3,32%
32,2019-12-17,白天,,局部多云,4,34%,烈风,9,0,-3,13%
33,2019-12-17,夜间,,局部多云,-3,37%,清风,5,0,-5,11%
34,2019-12-18,白天,,局部多云,2,36%,清风,5,0,-2,31%
35,2019-12-18,夜间,,多云,-3,47%,清风,5,0,-4,38%
36,2019-12-19,白天,,局部多云,0,35%,大风,8,0,-7,9%
37,2019-12-19,夜间,,局部多云,-5,37%,和风,4,0,-7,11%
38,2019-12-20,白天,,局部多云,2,29%,和风,4,0,-2,7%
39,2019-12-20,夜间,,局部多云,-6,38%,微风,3,0,-3,3%
40,2019-12-21,白天,,局部多云,4,42%,和风,4,0,0,6%
41,2019-12-21,夜间,,阴天,-2,57%,清风,5,0,-5,53%
42,2019-12-22,白天,,局部多云,4,63%,清风,5,0,-1,20%
43,2019-12-22,夜间,,局部多云,-2,69%,清风,5,0,-3,11%
44,2019-12-23,白天,,小雪,2,69%,清风,5,0,-2,91%
45,2019-12-23,夜间,,阴天,-3,70%,和风,4,0,-3,75%
46,2019-12-24,白天,,阴天,4,59%,微风,3,0,1,40%
47,2019-12-24,夜间,,小雪,-3,76%,微风,3,0,-2,52%
48,2019-12-25,白天,,阴天,3,55%,强风,6,0,-2,43%
49,2019-12-25,夜间,,中雪,-2,52%,和风,4,0.4,-2,67%
50,2019-12-26,白天,,局部多云,3,34%,强风,6,0,-2,4%
51,2019-12-26,夜间,,局部多云,-5,36%,微风,3,0,-3,2%
52,2019-12-27,白天,,局部多云,6,29%,微风,3,0,2,3%
53,2019-12-27,夜间,,局部多云,-2,48%,和风,4,0,-2,3%
54,2019-12-28,白天,,局部多云,6,50%,和风,4,0,2,4%
55,2019-12-28,夜间,,局部多云,1,71%,微风,3,0,0,3%
56,2019-12-29,白天,,阴天,6,58%,清风,5,0,1,32%
57,2019-12-29,夜间,,阴天,-7,33%,狂风,10,0,-9,40%
58,2019-12-30,白天,,晴朗,-5,21%,暴风,11,0,-15,-
59,2019-12-30,夜间,,晴朗,-13,33%,强风,6,0,-14,-
60,2019-12-31,白天,,晴朗,-2,20%,强风,6,0,-10,-
61,2019-12-31,夜间,,局部多云,-5,20%,微风,3,0,-5,1%
0,2020-01-01,白天,,局部多云,3,20%,轻风,2,0,-1,1%
1,2020-01-01,夜间,,阴天,-5,28%,微风,3,0,-6,55%
2,2020-01-02,白天,,局部多云,2,29%,和风,4,0,-2,20%
3,2020-01-02,夜间,,局部多云,-2,43%,微风,3,0,-2,4%
4,2020-01-03,白天,,局部多云,6,30%,清风,5,0,2,2%
5,2020-01-03,夜间,,局部多云,-1,41%,和风,4,0,-1,12%
6,2020-01-04,白天,,局部多云,7,41%,清风,5,0,2,5%
7,2020-01-04,夜间,,阴天,-2,78%,清风,5,0,-3,36%
8,2020-01-05,白天,,阴天,5,65%,清风,5,0,0,85%
9,2020-01-05,夜间,,大雪,0,91%,清风,5,5,-1,95%
10,2020-01-06,白天,,小雨夹雪,4,83%,和风,4,3,0,79%
11,2020-01-06,夜间,,阴天,0,72%,强风,6,0,-3,48%
12,2020-01-07,白天,,中雪,3,46%,清风,5,0.4,-1,99%
13,2020-01-07,夜间,,零星中雪,-2,44%,劲风,7,0.2,-5,66%
14,2020-01-08,白天,,局部多云,5,30%,强风,6,0,0,2%
15,2020-01-08,夜间,,局部多云,-1,44%,和风,4,0,-1,2%
16,2020-01-09,白天,,多云,5,43%,微风,3,0,2,20%
17,2020-01-09,夜间,,阴天,-2,56%,微风,3,0,-1,65%
18,2020-01-10,白天,,局部多云,4,40%,强风,6,0,-2,12%
19,2020-01-10,夜间,,局部多云,-4,43%,大风,8,0,-7,18%
20,2020-01-11,白天,,阴天,1,38%,和风,4,0,-3,86%
21,2020-01-11,夜间,,阴天,-3,49%,微风,3,0,-3,70%
22,2020-01-12,白天,,局部多云,2,43%,和风,4,0,-2,22%
23,2020-01-12,夜间,,局部多云,-4,43%,清风,5,0,-6,7%
24,2020-01-13,白天,,局部多云,0,26%,劲风,7,0,-6,9%
25,2020-01-13,夜间,,局部多云,-5,36%,强风,6,0,-9,5%
26,2020-01-14,白天,,局部多云,2,30%,微风,3,0,-2,5%
27,2020-01-14,夜间,,局部多云,-8,37%,微风,3,0,-5,12%
28,2020-01-15,白天,,局部多云,2,42%,和风,4,0,-3,21%
29,2020-01-15,夜间,,多云,-4,46%,微风,3,0,-4,31%
30,2020-01-16,白天,,多云,2,35%,和风,4,0,-2,63%
31,2020-01-16,夜间,,阴天,-3,53%,轻风,2,0,-2,88%
32,2020-01-17,白天,,阴天,3,38%,和风,4,0,-1,42%
33,2020-01-17,夜间,,局部多云,-2,44%,和风,4,0,-3,5%
34,2020-01-18,白天,,阴天,4,53%,清风,5,0,0,33%
35,2020-01-18,夜间,,局部多云,-1,42%,大风,8,0,-5,3%
36,2020-01-19,白天,,局部多云,6,26%,强风,6,0,1,1%
37,2020-01-19,夜间,,局部多云,-2,35%,大风,8,0,-5,1%
38,2020-01-20,白天,,局部多云,6,25%,强风,6,0,1,-
39,2020-01-20,夜间,,阴天,-2,38%,和风,4,0,-3,55%
40,2020-01-21,白天,,局部多云,5,41%,轻风,2,0,3,20%
41,2020-01-21,夜间,,阴天,0,68%,轻风,2,0,1,38%
42,2020-01-22,白天,,阴天,7,54%,轻风,2,0,4,36%
43,2020-01-22,夜间,,阴天,-3,56%,轻风,2,0,0,28%
44,2020-01-23,白天,,局部多云,8,37%,清风,5,0,3,7%
45,2020-01-23,夜间,,局部多云,-2,50%,强风,6,0,-4,10%
46,2020-01-24,白天,,多云,3,47%,强风,6,0,-2,40%
47,2020-01-24,夜间,,局部多云,-6,68%,微风,3,0,-2,4%
48,2020-01-25,白天,,局部多云,8,45%,和风,4,0,3,9%
49,2020-01-25,夜间,,局部多云,-2,52%,和风,4,0,-1,13%
50,2020-01-26,白天,,阴天,5,57%,清风,5,0,0,74%
51,2020-01-26,夜间,,微冻雨,1,59%,微风,3,0.4,0,98%
52,2020-01-27,白天,,微冻雨,6,43%,微风,3,0.2,4,86%
53,2020-01-27,夜间,,阴天,1,57%,微风,3,0,1,100%
54,2020-01-28,白天,,阴天,5,50%,微风,3,0,3,76%
55,2020-01-28,夜间,,小雪,1,75%,微风,3,0,0,81%
56,2020-01-29,白天,,小雪,6,52%,和风,4,0,3,69%
57,2020-01-29,夜间,,局部多云,-2,40%,和风,4,0,-2,28%
58,2020-01-30,白天,,局部多云,7,32%,和风,4,0,3,15%
59,2020-01-30,夜间,,局部多云,1,43%,清风,5,0,-1,1%
60,2020-01-31,白天,,局部多云,11,37%,清风,5,0,6,1%
61,2020-01-31,夜间,,局部多云,-1,39%,清风,5,0,0,4%
0,2020-02-01,白天,,阴天,5,35%,强风,6,0,-1,39%
1,2020-02-01,夜间,,大雪,-1,68%,清风,5,7.2,-2,99%
2,2020-02-02,白天,,中到大阵雪,3,72%,清风,5,6.6,-1,69%
3,2020-02-02,夜间,,局部多云,-3,32%,劲风,7,0,-7,1%
4,2020-02-03,白天,,局部多云,6,29%,强风,6,0,-1,-
5,2020-02-03,夜间,,局部多云,-4,51%,清风,5,0,-3,8%
6,2020-02-04,白天,,局部多云,0,25%,大风,8,0,-7,5%
7,2020-02-04,夜间,,局部多云,-6,49%,强风,6,0,-8,1%
8,2020-02-05,白天,,大雪,-3,68%,劲风,7,1.8,-9,84%
9,2020-02-05,夜间,,大雪,-8,78%,强风,6,0.9,-9,96%
10,2020-02-06,白天,,大雪,-1,73%,微风,3,4.5,-4,91%
11,2020-02-06,夜间,,局部多云,-6,79%,微风,3,0,-5,15%
12,2020-02-07,白天,,局部多云,8,58%,和风,4,0,1,21%
13,2020-02-07,夜间,,晴朗,0,68%,和风,4,0,0,-
14,2020-02-08,白天,,局部多云,9,35%,清风,5,0,3,18%
15,2020-02-08,夜间,,局部多云,-2,59%,清风,5,0,-1,10%
16,2020-02-09,白天,,局部多云,13,44%,清风,5,0,7,-
17,2020-02-09,夜间,,晴朗,6,41%,轻风,2,0,8,-
18,2020-02-10,白天,,晴朗,16,30%,轻风,2,0,12,-
19,2020-02-10,夜间,,晴朗,8,45%,微风,3,0,9,-
20,2020-02-11,白天,,局部多云,15,48%,清风,5,0,12,8%
21,2020-02-11,夜间,,局部多云,8,65%,和风,4,0,8,6%
22,2020-02-12,白天,,晴朗,18,55%,清风,5,0,14,-
23,2020-02-12,夜间,,局部多云,8,68%,清风,5,0,10,1%
24,2020-02-13,白天,,局部多云,18,64%,强风,6,0,13,14%
25,2020-02-13,夜间,,小雨夹雪,2,65%,暴风,11,0.2,2,80%
26,2020-02-14,白天,,大雪,1,89%,狂风,10,42.2,-9,100%
27,2020-02-14,夜间,,大雪,-6,84%,劲风,7,10.5,-10,64%
28,2020-02-15,白天,,局部多云,-2,61%,烈风,9,0,-10,6%
29,2020-02-15,夜间,,局部多云,-6,42%,烈风,9,0,-11,34%
30,2020-02-16,白天,,局部多云,1,24%,烈风,9,0,-6,17%
31,2020-02-16,夜间,,局部多云,-4,38%,烈风,9,0,-9,8%
32,2020-02-17,白天,,局部多云,8,31%,劲风,7,0,0,1%
33,2020-02-17,夜间,,局部多云,2,41%,和风,4,0,2,1%
34,2020-02-18,白天,,阴天,9,33%,微风,3,0,6,40%
35,2020-02-18,夜间,,局部多云,1,44%,清风,5,0,2,10%
36,2020-02-19,白天,,局部多云,9,53%,劲风,7,0,3,5%
37,2020-02-19,夜间,,局部多云,0,86%,强风,6,0,-3,21%
38,2020-02-20,白天,,阴天,8,67%,清风,5,0,4,50%
39,2020-02-20,夜间,,周边零星小雨,2,70%,微风,3,0.4,4,100%
40,2020-02-21,白天,,周边零星小雨,10,41%,强风,6,0.2,7,57%
41,2020-02-21,夜间,,局部多云,1,31%,大风,8,0,-1,10%
42,2020-02-22,白天,,局部多云,10,21%,劲风,7,0,4,-
43,2020-02-22,夜间,,局部多云,3,27%,强风,6,0,2,8%
44,2020-02-23,白天,,局部多云,16,31%,劲风,7,0,10,2%
45,2020-02-23,夜间,,阴天,6,47%,清风,5,0,7,36%
46,2020-02-24,白天,,阴天,11,57%,大风,8,0,6,83%
47,2020-02-24,夜间,,小雨,4,58%,大风,8,3.6,1,92%
48,2020-02-25,白天,,阴天,8,53%,强风,6,0,4,52%
49,2020-02-25,夜间,,多云,1,59%,清风,5,0,0,35%
50,2020-02-26,白天,,局部多云,9,36%,清风,5,0,4,14%
51,2020-02-26,夜间,,阴天,2,43%,清风,5,0,1,46%
52,2020-02-27,白天,,阴天,6,34%,强风,6,0,3,77%
53,2020-02-27,夜间,,大雪,1,60%,清风,5,0.7,1,56%
54,2020-02-28,白天,,局部多云,13,52%,强风,6,0,8,3%
55,2020-02-28,夜间,,阴天,5,74%,清风,5,0,4,18%
56,2020-02-29,白天,,阴天,10,64%,强风,6,0,6,79%
57,2020-02-29,夜间,,阴天,3,82%,清风,5,0,2,80%
0,2020-03-01,白天,,局部多云,11,28%,烈风,9,0,6,4%
1,2020-03-01,夜间,,局部多云,2,27%,清风,5,0,3,7%
2,2020-03-02,白天,,局部多云,10,28%,大风,8,0,5,11%
3,2020-03-02,夜间,,小阵雨,2,59%,劲风,7,3.5,1,38%
4,2020-03-03,白天,,局部多云,8,22%,狂风,10,0,2,1%
5,2020-03-03,夜间,,局部多云,-1,26%,大风,8,0,-4,1%
6,2020-03-04,白天,,晴朗,8,19%,大风,8,0,1,-
7,2020-03-04,夜间,,局部多云,2,25%,清风,5,0,1,-
8,2020-03-05,白天,,局部多云,11,24%,劲风,7,0,5,3%
9,2020-03-05,夜间,,局部多云,6,52%,劲风,7,0,5,5%
10,2020-03-06,白天,,细雨,15,46%,劲风,7,0.2,11,26%
11,2020-03-06,夜间,,中雨,7,78%,清风,5,16.4,8,64%
12,2020-03-07,白天,,局部多云,18,51%,强风,6,0,12,1%
13,2020-03-07,夜间,,薄雾,4,88%,强风,6,0,3,37%
14,2020-03-08,白天,,多云,15,61%,清风,5,0,11,22%
15,2020-03-08,夜间,,大雨,8,80%,强风,6,19.5,7,87%
16,2020-03-09,白天,,大雨,8,77%,大风,8,29.7,4,68%
17,2020-03-09,夜间,,局部多云,4,80%,清风,5,0,3,20%
18,2020-03-10,白天,,局部多云,11,19%,大风,8,0,7,9%
19,2020-03-10,夜间,,局部多云,6,29%,清风,5,0,6,2%
20,2020-03-11,白天,,局部多云,17,22%,劲风,7,0,12,3%
21,2020-03-11,夜间,,局部多云,9,42%,清风,5,0,10,4%
22,2020-03-12,白天,,阴天,13,34%,大风,8,0,8,38%
23,2020-03-12,夜间,,局部多云,3,36%,清风,5,0,4,18%
24,2020-03-13,白天,,局部多云,10,20%,强风,6,0,6,6%
25,2020-03-13,夜间,,局部多云,2,24%,大风,8,0,4,15%
26,2020-03-14,白天,,局部多云,14,17%,烈风,9,0,10,8%
27,2020-03-14,夜间,,局部多云,8,28%,强风,6,0,8,8%
28,2020-03-15,白天,,局部多云,15,28%,劲风,7,0,12,11%
29,2020-03-15,夜间,,局部多云,4,46%,劲风,7,0,3,6%
30,2020-03-16,白天,,阴天,16,30%,强风,6,0,10,52%
31,2020-03-16,夜间,,局部多云,9,34%,强风,6,0,10,2%
32,2020-03-17,白天,,局部多云,21,18%,劲风,7,0,17,1%
33,2020-03-17,夜间,,局部多云,13,23%,大风,8,0,14,11%
34,2020-03-18,白天,,局部多云,25,13%,烈风,9,0,21,14%
35,2020-03-18,夜间,,局部多云,8,18%,暴风,11,0,11,1%
36,2020-03-19,白天,,局部多云,17,12%,烈风,9,0,12,1%
37,2020-03-19,夜间,,局部多云,11,21%,大风,8,0,10,21%
38,2020-03-20,白天,,局部多云,24,20%,劲风,7,0,19,10%
39,2020-03-20,夜间,,局部多云,10,27%,大风,8,0,13,6%
40,2020-03-21,白天,,局部多云,16,27%,大风,8,0,12,14%
41,2020-03-21,夜间,,局部多云,6,43%,和风,4,0,9,-
42,2020-03-22,白天,,局部多云,20,19%,劲风,7,0,18,1%
43,2020-03-22,夜间,,晴朗,15,30%,清风,5,0,16,-
44,2020-03-23,白天,,局部多云,18,26%,烈风,9,0,15,1%
45,2020-03-23,夜间,,局部多云,8,42%,劲风,7,0,8,9%
46,2020-03-24,白天,,局部多云,23,30%,强风,6,0,19,26%
47,2020-03-24,夜间,,局部多云,14,38%,清风,5,0,15,34%
48,2020-03-25,白天,,局部多云,23,35%,劲风,7,0,20,22%
49,2020-03-25,夜间,,阴天,10,61%,大风,8,0,11,30%
50,2020-03-26,白天,,中雨,12,47%,狂风,10,20.7,6,76%
51,2020-03-26,夜间,,局部多云,4,17%,烈风,9,0,3,19%
52,2020-03-27,白天,,局部多云,13,9%,大风,8,0,9,-
53,2020-03-27,夜间,,局部多云,6,12%,强风,6,0,5,-
54,2020-03-28,白天,,局部多云,14,9%,清风,5,0,11,4%
55,2020-03-28,夜间,,局部多云,8,20%,强风,6,0,7,5%
56,2020-03-29,白天,,局部多云,18,15%,劲风,7,0,14,7%
57,2020-03-29,夜间,,局部多云,9,40%,强风,6,0,9,7%
58,2020-03-30,白天,,局部多云,19,32%,大风,8,0,16,17%
59,2020-03-30,夜间,,局部多云,11,39%,劲风,7,0,12,8%
60,2020-03-31,白天,,局部多云,21,34%,强风,6,0,17,14%
61,2020-03-31,夜间,,多云,9,26%,烈风,9,0,9,58%
0,2020-04-01,白天,,多云,16,9%,强风,6,0,13,47%
1,2020-04-01,夜间,,多云,8,27%,强风,6,0,9,38%
2,2020-04-02,白天,,局部多云,20,12%,劲风,7,0,17,3%
3,2020-04-02,夜间,,局部多云,10,21%,劲风,7,0,12,1%
4,2020-04-03,白天,,晴朗,23,13%,劲风,7,0,21,-
5,2020-04-03,夜间,,局部多云,9,14%,烈风,9,0,12,1%
6,2020-04-04,白天,,晴朗,16,14%,劲风,7,0,12,-
7,2020-04-04,夜间,,局部多云,7,24%,强风,6,0,8,3%
8,2020-04-05,白天,,阴天,19,14%,强风,6,0,15,63%
9,2020-04-05,夜间,,阴天,10,42%,强风,6,0,11,44%
10,2020-04-06,白天,,局部多云,29,30%,清风,5,0,22,13%
11,2020-04-06,夜间,,局部多云,12,30%,大风,8,0,16,21%
12,2020-04-07,白天,,局部多云,16,19%,大风,8,0,13,32%
13,2020-04-07,夜间,,局部多云,8,35%,强风,6,0,8,10%
14,2020-04-08,白天,,局部多云,16,18%,大风,8,0,13,17%
15,2020-04-08,夜间,,零星细雨,8,42%,劲风,7,0.5,7,82%
16,2020-04-09,白天,,零星细雨,13,39%,劲风,7,0.7,10,54%
17,2020-04-09,夜间,,阴天,7,40%,和风,4,0,8,48%
18,2020-04-10,白天,,局部多云,18,26%,和风,4,0,15,21%
19,2020-04-10,夜间,,局部多云,9,31%,劲风,7,0,9,10%
20,2020-04-11,白天,,局部多云,22,12%,大风,8,0,19,2%
21,2020-04-11,夜间,,局部多云,12,14%,强风,6,0,15,-
22,2020-04-12,白天,,局部多云,23,15%,烈风,9,0,19,2%
23,2020-04-12,夜间,,局部多云,10,25%,和风,4,0,13,1%
24,2020-04-13,白天,,局部多云,27,12%,清风,5,0,23,14%
25,2020-04-13,夜间,,多云,15,23%,强风,6,0,18,22%
26,2020-04-14,白天,,多云,28,18%,劲风,7,0,24,31%
27,2020-04-14,夜间,,局部多云,16,30%,劲风,7,0,19,11%
28,2020-04-15,白天,,小阵雨,27,26%,大风,8,0.4,23,33%
29,2020-04-15,夜间,,中到大雷雨,13,72%,强风,6,108.9,15,87%
30,2020-04-16,白天,,有时大雨,21,45%,强风,6,35.4,19,33%
31,2020-04-16,夜间,,局部多云,11,64%,劲风,7,0,14,15%
32,2020-04-17,白天,,局部多云,20,34%,大风,8,0,18,20%
33,2020-04-17,夜间,,局部多云,15,46%,清风,5,0,16,9%
34,2020-04-18,白天,,阴天,23,27%,清风,5,0,21,82%
35,2020-04-18,夜间,,阴天,16,39%,强风,6,0,17,75%
36,2020-04-19,白天,,多云,23,33%,大风,8,0,21,26%
37,2020-04-19,夜间,,周边零星小雨,13,38%,狂风,10,1.8,15,52%
38,2020-04-20,白天,,晴朗,17,14%,台风,12,0,15,-
39,2020-04-20,夜间,,晴朗,6,17%,暴风,11,0,5,-
40,2020-04-21,白天,,局部多云,15,12%,暴风,11,0,10,4%
41,2020-04-21,夜间,,局部多云,7,16%,劲风,7,0,6,1%
42,2020-04-22,白天,,局部多云,17,11%,狂风,10,0,13,1%
43,2020-04-22,夜间,,局部多云,11,19%,强风,6,0,11,1%
44,2020-04-23,白天,,局部多云,22,11%,烈风,9,0,19,3%
45,2020-04-23,夜间,,局部多云,13,16%,强风,6,0,16,7%
46,2020-04-24,白天,,局部多云,27,9%,劲风,7,0,23,18%
47,2020-04-24,夜间,,阴天,13,34%,劲风,7,0,16,49%
48,2020-04-25,白天,,局部多云,25,21%,强风,6,0,22,8%
49,2020-04-25,夜间,,晴朗,19,28%,清风,5,0,20,-
50,2020-04-26,白天,,局部多云,33,13%,劲风,7,0,28,8%
51,2020-04-26,夜间,,局部多云,22,21%,劲风,7,0,25,20%
52,2020-04-27,白天,,局部多云,37,13%,劲风,7,0,31,27%
53,2020-04-27,夜间,,局部多云,19,25%,烈风,9,0,25,7%
54,2020-04-28,白天,,局部多云,25,15%,大风,8,0,21,15%
55,2020-04-28,夜间,,局部多云,18,22%,大风,8,0,20,-
56,2020-04-29,白天,,局部多云,36,18%,大风,8,0,29,2%
57,2020-04-29,夜间,,局部多云,22,29%,狂风,10,0,24,3%
58,2020-04-30,白天,,局部多云,27,32%,烈风,9,0,23,7%
59,2020-04-30,夜间,,局部多云,17,53%,劲风,7,0,18,21%
0,2020-05-01,白天,,局部多云,41,14%,劲风,7,0,36,1%
1,2020-05-01,夜间,,局部多云,28,24%,烈风,9,0,33,-
2,2020-05-02,白天,,多云,37,24%,烈风,9,0,33,33%
3,2020-05-02,夜间,,局部多云,19,60%,劲风,7,0,23,9%
4,2020-05-03,白天,,局部多云,26,56%,大风,8,0,24,14%
5,2020-05-03,夜间,,零星细雨,17,21%,清风,5,1,6,16%
6,2020-05-04,白天,,零星小雨,20,41%,清风,5,2.4,18,49%
7,2020-05-04,夜间,,阴天,13,71%,清风,5,0,15,41%
8,2020-05-05,白天,,局部多云,28,40%,劲风,7,0,24,16%
9,2020-05-05,夜间,,局部多云,18,45%,清风,5,0,21,12%
10,2020-05-06,白天,,阴天,25,32%,大风,8,0,24,15%
11,2020-05-06,夜间,,阴天,17,42%,劲风,7,0,18,46%
12,2020-05-07,白天,,小雨,20,66%,清风,5,3,18,87%
13,2020-05-07,夜间,,大雨,13,89%,劲风,7,54.5,13,100%
14,2020-05-08,白天,,大雨,13,87%,烈风,9,67.9,11,100%
15,2020-05-08,夜间,,细雨,7,84%,清风,5,0.8,10,62%
16,2020-05-09,白天,,局部多云,24,54%,劲风,7,0,22,37%
17,2020-05-09,夜间,,局部多云,16,55%,劲风,7,0,18,5%
18,2020-05-10,白天,,局部多云,27,18%,狂风,10,0,24,2%
19,2020-05-10,夜间,,局部多云,17,21%,劲风,7,0,19,25%
20,2020-05-11,白天,,局部多云,26,17%,狂风,10,0,23,12%
21,2020-05-11,夜间,,周边零星小雨,16,35%,劲风,7,0.8,19,25%
22,2020-05-12,白天,,局部多云,27,17%,烈风,9,0,24,2%
23,2020-05-12,夜间,,局部多云,19,33%,劲风,7,0,21,-
24,2020-05-13,白天,,阴天,31,26%,劲风,7,0,27,32%
25,2020-05-13,夜间,,多云,23,30%,烈风,9,0,25,60%
26,2020-05-14,白天,,局部多云,24,50%,烈风,9,0,23,31%
27,2020-05-14,夜间,,多云,15,80%,强风,6,0,16,59%
28,2020-05-15,白天,,局部多云,26,53%,劲风,7,0,24,16%
29,2020-05-15,夜间,,小阵雨,17,74%,大风,8,7.6,18,65%
30,2020-05-16,白天,,周边雷暴,30,41%,劲风,7,0.8,27,23%
31,2020-05-16,夜间,,周边零星小雨,19,38%,清风,5,1.2,23,40%
32,2020-05-17,白天,,局部多云,27,15%,狂风,10,0,24,10%
33,2020-05-17,夜间,,局部多云,17,32%,烈风,9,0,19,12%
34,2020-05-18,白天,,局部多云,28,24%,狂风,10,0,25,15%
35,2020-05-18,夜间,,局部多云,17,37%,大风,8,0,21,3%
36,2020-05-19,白天,,局部多云,29,20%,强风,6,0,25,3%
37,2020-05-19,夜间,,周边零星小雨,19,31%,清风,5,0.8,22,33%
38,2020-05-20,白天,,周边零星小雨,32,24%,清风,5,0.4,27,27%
39,2020-05-20,夜间,,小阵雨,18,58%,劲风,7,5.3,22,65%
40,2020-05-21,白天,,零星雷雨,27,51%,劲风,7,14.4,26,82%
41,2020-05-21,夜间,,中到大阵雨,17,80%,和风,4,9.5,20,57%
42,2020-05-22,白天,,局部多云,32,26%,大风,8,0,28,9%
43,2020-05-22,夜间,,局部多云,20,44%,劲风,7,0,24,30%
44,2020-05-23,白天,,局部多云,28,38%,强风,6,0,25,20%
45,2020-05-23,夜间,,局部多云,17,63%,清风,5,0,20,9%
46,2020-05-24,白天,,局部多云,30,28%,清风,5,0,27,12%
47,2020-05-24,夜间,,局部多云,21,35%,强风,6,0,24,19%
48,2020-05-25,白天,,零星细雨,29,32%,清风,5,0.8,26,54%
49,2020-05-25,夜间,,中雨,16,72%,清风,5,27.5,19,58%
50,2020-05-26,白天,,周边雷暴,28,31%,清风,5,0,25,22%
51,2020-05-26,夜间,,小阵雨,18,41%,劲风,7,7.3,22,45%
52,2020-05-27,白天,,周边零星小雨,30,24%,劲风,7,3.2,26,25%
53,2020-05-27,夜间,,局部多云,20,39%,强风,6,0,23,7%
54,2020-05-28,白天,,局部多云,36,16%,大风,8,0,31,5%
55,2020-05-28,夜间,,周边零星小雨,19,50%,劲风,7,0.8,24,38%
56,2020-05-29,白天,,周边零星小雨,36,30%,劲风,7,0.8,30,53%
57,2020-05-29,夜间,,周边零星小雨,25,37%,大风,8,0.6,26,19%
58,2020-05-30,白天,,局部多云,33,28%,烈风,9,0,29,32%
59,2020-05-30,夜间,,小雨,21,53%,劲风,7,7.4,23,73%
60,2020-05-31,白天,,零星小雨,29,28%,烈风,9,10.9,26,53%
61,2020-05-31,夜间,,局部多云,20,22%,清风,5,0,22,6%
0,2020-06-01,白天,,有时大雨,34,21%,大风,8,12.3,29,9%
1,2020-06-01,夜间,,零星雷雨,21,78%,强风,6,47.2,25,81%
2,2020-06-02,白天,,有时大雨,36,26%,强风,6,2.4,32,15%
3,2020-06-02,夜间,,局部多云,27,26%,劲风,7,0,28,-
4,2020-06-03,白天,,局部多云,39,16%,劲风,7,0,33,2%
5,2020-06-03,夜间,,局部多云,22,20%,劲风,7,0,28,8%
6,2020-06-04,白天,,局部多云,30,29%,大风,8,0,26,10%
7,2020-06-04,夜间,,周边零星小雨,19,48%,劲风,7,0.3,21,40%
8,2020-06-05,白天,,局部多云,28,35%,烈风,9,0,26,3%
9,2020-06-05,夜间,,局部多云,20,51%,强风,6,0,22,2%
10,2020-06-06,白天,,局部多云,31,35%,劲风,7,0,27,1%
11,2020-06-06,夜间,,局部多云,23,52%,强风,6,0,26,1%
12,2020-06-07,白天,,局部多云,39,28%,强风,6,0,37,6%
13,2020-06-07,夜间,,局部多云,29,29%,劲风,7,0,31,11%
14,2020-06-08,白天,,局部多云,39,21%,烈风,9,0,36,9%
15,2020-06-08,夜间,,周边零星小雨,28,38%,劲风,7,0.1,31,32%
16,2020-06-09,白天,,周边零星小雨,31,40%,劲风,7,0.2,30,44%
17,2020-06-09,夜间,,局部多云,24,61%,清风,5,0,27,22%
18,2020-06-10,白天,,局部多云,38,32%,清风,5,0,34,5%
19,2020-06-10,夜间,,局部多云,25,41%,清风,5,0,31,20%
20,2020-06-11,白天,,局部多云,32,43%,大风,8,0,30,23%
21,2020-06-11,夜间,,局部多云,21,66%,清风,5,0,25,21%
22,2020-06-12,白天,,局部多云,35,33%,清风,5,0,33,12%
23,2020-06-12,夜间,,局部多云,25,38%,劲风,7,0,28,7%
24,2020-06-13,白天,,周边零星小雨,37,32%,劲风,7,1.2,33,34%
25,2020-06-13,夜间,,周边零星小雨,22,38%,大风,8,0.6,26,17%
26,2020-06-14,白天,,局部多云,37,18%,劲风,7,0,31,-
27,2020-06-14,夜间,,局部多云,26,21%,强风,6,0,27,2%
28,2020-06-15,白天,,局部多云,39,11%,清风,5,0,36,13%
29,2020-06-15,夜间,,局部多云,26,23%,微风,3,0,30,4%
30,2020-06-16,白天,,局部多云,39,19%,强风,6,0,34,6%
31,2020-06-16,夜间,,阴天,24,42%,烈风,9,0,28,36%
32,2020-06-17,白天,,局部多云,34,31%,大风,8,0,31,23%
33,2020-06-17,夜间,,局部多云,21,60%,劲风,7,0,26,40%
34,2020-06-18,白天,,有时大雨,31,51%,大风,8,33.2,27,43%
35,2020-06-18,夜间,,有时大雨,16,65%,和风,4,30,22,31%
36,2020-06-19,白天,,局部多云,35,30%,劲风,7,0,32,17%
37,2020-06-19,夜间,,局部多云,25,38%,劲风,7,0,27,18%
38,2020-06-20,白天,,局部多云,36,32%,大风,8,0,32,10%
39,2020-06-20,夜间,,周边零星小雨,26,42%,劲风,7,0.2,28,18%
40,2020-06-21,白天,,局部多云,37,30%,大风,8,0,34,4%
41,2020-06-21,夜间,,局部多云,26,40%,劲风,7,0,29,5%
42,2020-06-22,白天,,局部多云,35,33%,大风,8,0,33,7%
43,2020-06-22,夜间,,局部多云,23,43%,劲风,7,0,27,29%
44,2020-06-23,白天,,局部多云,31,41%,劲风,7,0,30,33%
45,2020-06-23,夜间,,局部多云,20,77%,强风,6,0,22,18%
46,2020-06-24,白天,,局部多云,33,50%,劲风,7,0,30,12%
47,2020-06-24,夜间,,小阵雨,22,69%,清风,5,4.5,25,58%
48,2020-06-25,白天,,周边零星小雨,30,46%,劲风,7,2.1,30,67%
49,2020-06-25,夜间,,周边零星小雨,22,70%,强风,6,8.2,25,52%
50,2020-06-26,白天,,周边零星小雨,31,51%,强风,6,0.2,31,19%
51,2020-06-26,夜间,,局部多云,21,79%,强风,6,0,25,14%
52,2020-06-27,白天,,局部多云,34,42%,强风,6,0,32,10%
53,2020-06-27,夜间,,局部多云,24,60%,强风,6,0,27,8%
54,2020-06-28,白天,,局部多云,35,33%,劲风,7,0,32,12%
55,2020-06-28,夜间,,周边零星小雨,23,53%,强风,6,0.1,27,40%
56,2020-06-29,白天,,多云,31,41%,强风,6,0,29,45%
57,2020-06-29,夜间,,阴天,22,58%,清风,5,0,26,44%
58,2020-06-30,白天,,局部多云,35,32%,清风,5,0,31,34%
59,2020-06-30,夜间,,局部多云,25,39%,强风,6,0,28,19%
0,2020-07-01,白天,,局部多云,38,23%,劲风,7,0,35,26%
1,2020-07-01,夜间,,周边零星小雨,24,57%,劲风,7,2.9,30,52%
2,2020-07-02,白天,,小阵雨,30,47%,劲风,7,6.7,29,64%
3,2020-07-02,夜间,,中到大阵雨,23,71%,强风,6,20.2,26,74%
4,2020-07-03,白天,,中到大阵雨,29,56%,强风,6,29,29,78%
5,2020-07-03,夜间,,周边零星小雨,22,65%,和风,4,2.4,26,26%
6,2020-07-04,白天,,局部多云,33,43%,劲风,7,0,32,25%
7,2020-07-04,夜间,,中到大阵雨,23,69%,劲风,7,24.9,28,64%
8,2020-07-05,白天,,中到大阵雨,32,60%,和风,4,41.4,30,62%
9,2020-07-05,夜间,,周边零星小雨,21,75%,清风,5,3.6,26,64%
10,2020-07-06,白天,,局部多云,37,40%,强风,6,0,35,18%
11,2020-07-06,夜间,,中到大阵雨,23,68%,清风,5,13,29,52%
12,2020-07-07,白天,,中到大阵雨,35,34%,劲风,7,5.8,32,19%
13,2020-07-07,夜间,,薄雾,24,55%,清风,5,0,29,2%
14,2020-07-08,白天,,局部多云,35,29%,劲风,7,0,32,5%
15,2020-07-08,夜间,,多云,26,35%,强风,6,0,27,37%
16,2020-07-09,白天,,局部多云,28,41%,清风,5,0,28,48%
17,2020-07-09,夜间,,小雨,20,71%,清风,5,0.9,23,58%
18,2020-07-10,白天,,多云,30,52%,清风,5,0,29,63%
19,2020-07-10,夜间,,小阵雨,24,71%,清风,5,1.5,27,68%
20,2020-07-11,白天,,小阵雨,32,57%,强风,6,10.7,32,69%
21,2020-07-11,夜间,,小阵雨,24,72%,强风,6,6.6,27,56%
22,2020-07-12,白天,,小阵雨,30,58%,强风,6,3.5,30,72%
23,2020-07-12,夜间,,小阵雨,23,71%,微风,3,2.7,26,37%
24,2020-07-13,白天,,周边零星小雨,30,53%,和风,4,3,29,64%
25,2020-07-13,夜间,,薄雾,23,60%,清风,5,0,26,24%
26,2020-07-14,白天,,局部多云,34,40%,强风,6,0,33,25%
27,2020-07-14,夜间,,局部多云,26,50%,和风,4,0,29,11%
28,2020-07-15,白天,,局部多云,36,36%,清风,5,0,35,20%
29,2020-07-15,夜间,,局部多云,25,50%,清风,5,0,30,11%
30,2020-07-16,白天,,局部多云,37,34%,劲风,7,0,35,13%
31,2020-07-16,夜间,,薄雾,28,52%,强风,6,0,31,22%
32,2020-07-17,白天,,局部多云,35,40%,劲风,7,0,35,32%
33,2020-07-17,夜间,,小阵雨,25,61%,强风,6,4,29,55%
34,2020-07-18,白天,,周边零星小雨,30,47%,劲风,7,0.4,30,49%
35,2020-07-18,夜间,,局部多云,21,76%,强风,6,0,25,34%
36,2020-07-19,白天,,局部多云,32,49%,劲风,7,0,30,19%
37,2020-07-19,夜间,,薄雾,23,64%,清风,5,0,27,8%
38,2020-07-20,白天,,局部多云,38,28%,劲风,7,0,35,14%
39,2020-07-20,夜间,,局部多云,25,46%,劲风,7,0,30,6%
40,2020-07-21,白天,,局部多云,37,31%,大风,8,0,35,6%
41,2020-07-21,夜间,,局部多云,24,50%,强风,6,0,30,6%
42,2020-07-22,白天,,阴天,35,33%,劲风,7,0,33,15%
43,2020-07-22,夜间,,阴天,23,68%,清风,5,0,28,19%
44,2020-07-23,白天,,局部多云,36,35%,劲风,7,0,33,2%
45,2020-07-23,夜间,,局部多云,24,66%,清风,5,0,29,4%
46,2020-07-24,白天,,局部多云,40,27%,强风,6,0,38,16%
47,2020-07-24,夜间,,局部多云,27,42%,清风,5,0,32,9%
48,2020-07-25,白天,,局部多云,40,23%,劲风,7,0,37,11%
49,2020-07-25,夜间,,局部多云,25,41%,劲风,7,0,29,41%
50,2020-07-26,白天,,周边零星小雨,26,60%,微风,3,0.3,26,80%
51,2020-07-26,夜间,,小阵雨,23,74%,和风,4,1.1,25,72%
52,2020-07-27,白天,,暴阵雨,29,64%,强风,6,46.4,29,75%
53,2020-07-27,夜间,,暴阵雨,23,75%,清风,5,15.4,26,32%
54,2020-07-28,白天,,周边雷暴,33,49%,强风,6,0,33,52%
55,2020-07-28,夜间,,中到大阵雨,25,74%,和风,4,8.3,29,60%
56,2020-07-29,白天,,中到大阵雨,35,51%,劲风,7,5.8,36,83%
57,2020-07-29,夜间,,周边零星小雨,26,70%,强风,6,3.4,31,33%
58,2020-07-30,白天,,局部多云,38,40%,劲风,7,0,39,15%
59,2020-07-30,夜间,,薄雾,26,60%,强风,6,0,33,11%
60,2020-07-31,白天,,暴阵雨,35,51%,强风,6,19.7,37,48%
61,2020-07-31,夜间,,暴阵雨,23,83%,清风,5,31.6,30,55%
